ID,Title_es,OctetNo,OctetCount,Contents_es,Note_es,noteIDs,codeTable,flagTable,Status,translation_source
grib2/4/87/10,Modelo de definición del producto 4.87 — Predicciones de cuantiles en una superficie o capa horizontal durante un intervalo de tiempo continuo o discontinuo,10,1,Categoría de parámetro,(véase la Tabla de cifrado 4.1),,4.1,,Operational,PDF
grib2/4/87/11,Modelo de definición del producto 4.87 — Predicciones de cuantiles en una superficie o capa horizontal durante un intervalo de tiempo continuo o discontinuo,11,1,Número del parámetro,(véase la Tabla de cifrado 4.2),,4.2,,Operational,PDF
grib2/4/87/12,Modelo de definición del producto 4.87 — Predicciones de cuantiles en una superficie o capa horizontal durante un intervalo de tiempo continuo o discontinuo,12,1,Tipo de proceso de producción,(véase la Tabla de cifrado 4.3),,4.3,,Operational,PDF
grib2/4/87/13,Modelo de definición del producto 4.87 — Predicciones de cuantiles en una superficie o capa horizontal durante un intervalo de tiempo continuo o discontinuo,13,1,Identificador del proceso de producción de base (definido por el centro de origen),,,,,Operational,PDF
grib2/4/87/14,Modelo de definición del producto 4.87 — Predicciones de cuantiles en una superficie o capa horizontal durante un intervalo de tiempo continuo o discontinuo,14,1,Identificador del proceso de producción de la previsión (definido por el centro de origen),,,,,Operational,PDF
grib2/4/87/15-16,Modelo de definición del producto 4.87 — Predicciones de cuantiles en una superficie o capa horizontal durante un intervalo de tiempo continuo o discontinuo,15-16,2,Límite (horas) de recogida de datos después de la hora de referencia,(véase la nota 1),33,,,Operational,PDF
grib2/4/87/17,Modelo de definición del producto 4.87 — Predicciones de cuantiles en una superficie o capa horizontal durante un intervalo de tiempo continuo o discontinuo,17,1,Límite (minutos) de recogida de datos después de la hora de referencia,,,,,Operational,PDF
grib2/4/87/18,Modelo de definición del producto 4.87 — Predicciones de cuantiles en una superficie o capa horizontal durante un intervalo de tiempo continuo o discontinuo,18,1,Indicador de la unidad de lapso de tiempo,(véase la Tabla de cifrado 4.4),,4.4,,Operational,PDF
grib2/4/87/19-22,Modelo de definición del producto 4.87 — Predicciones de cuantiles en una superficie o capa horizontal durante un intervalo de tiempo continuo o discontinuo,19-22,4,Hora de la predicción expresada en la unidad definida por el octeto anterior,(véase la nota 2),111,,,Operational,PDF
grib2/4/87/23,Modelo de definición del producto 4.87 — Predicciones de cuantiles en una superficie o capa horizontal durante un intervalo de tiempo continuo o discontinuo,23,1,Tipo de la primera superficie especificada,(véase la Tabla de cifrado 4.5),,4.5,,Operational,PDF
grib2/4/87/24,Modelo de definición del producto 4.87 — Predicciones de cuantiles en una superficie o capa horizontal durante un intervalo de tiempo continuo o discontinuo,24,1,Factor de escala de la primera superficie especificada,,,,,Operational,PDF
grib2/4/87/25-28,Modelo de definición del producto 4.87 — Predicciones de cuantiles en una superficie o capa horizontal durante un intervalo de tiempo continuo o discontinuo,25-28,4,Valor ajustado de la primera superficie especificada,,,,,Operational,PDF
grib2/4/87/29,Modelo de definición del producto 4.87 — Predicciones de cuantiles en una superficie o capa horizontal durante un intervalo de tiempo continuo o discontinuo,29,1,Tipo de la segunda superficie especificada,(véase la Tabla de cifrado 4.5),,4.5,,Operational,PDF
grib2/4/87/30,Modelo de definición del producto 4.87 — Predicciones de cuantiles en una superficie o capa horizontal durante un intervalo de tiempo continuo o discontinuo,30,1,Factor de escala de la segunda superficie especificada,,,,,Operational,PDF
grib2/4/87/31-34,Modelo de definición del producto 4.87 — Predicciones de cuantiles en una superficie o capa horizontal durante un intervalo de tiempo continuo o discontinuo,31-34,4,Valor ajustado de la segunda superficie especificada,,,,,Operational,PDF
grib2/4/87/35-36,Modelo de definición del producto 4.87 — Predicciones de cuantiles en una superficie o capa horizontal durante un intervalo de tiempo continuo o discontinuo,35-36,2,Número total de cuantiles q,,,,,Operational,PDF
grib2/4/87/37-38,Modelo de definición del producto 4.87 — Predicciones de cuantiles en una superficie o capa horizontal durante un intervalo de tiempo continuo o discontinuo,37-38,2,Valor del cuantil (entre 0 y q),,,,,Operational,PDF
grib2/4/87/39-40,Modelo de definición del producto 4.87 — Predicciones de cuantiles en una superficie o capa horizontal durante un intervalo de tiempo continuo o discontinuo,39-40,2,Año del final del intervalo total de tiempo,,,,,Operational,PDF
grib2/4/87/41,Modelo de definición del producto 4.87 — Predicciones de cuantiles en una superficie o capa horizontal durante un intervalo de tiempo continuo o discontinuo,41,1,Mes del final del intervalo total de tiempo,,,,,Operational,PDF
grib2/4/87/42,Modelo de definición del producto 4.87 — Predicciones de cuantiles en una superficie o capa horizontal durante un intervalo de tiempo continuo o discontinuo,42,1,Día del final del intervalo total de tiempo,,,,,Operational,PDF
grib2/4/87/43,Modelo de definición del producto 4.87 — Predicciones de cuantiles en una superficie o capa horizontal durante un intervalo de tiempo continuo o discontinuo,43,1,Hora del final del intervalo total de tiempo,,,,,Operational,PDF
grib2/4/87/44,Modelo de definición del producto 4.87 — Predicciones de cuantiles en una superficie o capa horizontal durante un intervalo de tiempo continuo o discontinuo,44,1,Minuto del final del intervalo total de tiempo,,,,,Operational,PDF
grib2/4/87/45,Modelo de definición del producto 4.87 — Predicciones de cuantiles en una superficie o capa horizontal durante un intervalo de tiempo continuo o discontinuo,45,1,Segundo del final del intervalo total de tiempo,,,,,Operational,PDF
grib2/4/87/46,Modelo de definición del producto 4.87 — Predicciones de cuantiles en una superficie o capa horizontal durante un intervalo de tiempo continuo o discontinuo,46,1,n - Número de especificaciones para los lapsos de tiempo que describen los intervalos de tiempo empleados para calcular el campo estadísticamente procesado,,,,,Operational,PDF
grib2/4/87/47-50,Modelo de definición del producto 4.87 — Predicciones de cuantiles en una superficie o capa horizontal durante un intervalo de tiempo continuo o discontinuo,47-50,4,Número total de valores de datos faltantes en el cálculo estadístico,,,,,Operational,PDF
grib2/4/87/51-62,Modelo de definición del producto 4.87 — Predicciones de cuantiles en una superficie o capa horizontal durante un intervalo de tiempo continuo o discontinuo,51-62,12,Especificación del lapso de tiempo más remoto (o lapso de tiempo único) para el que se hacen cálculos estadísticos,,,,,Operational,PDF
grib2/4/87/51,Modelo de definición del producto 4.87 — Predicciones de cuantiles en una superficie o capa horizontal durante un intervalo de tiempo continuo o discontinuo,51,1,"Proceso estadístico utilizado para calcular el campo procesado a partir del campo, en cada incremento de tiempo, durante el lapso de tiempo",(véase la Tabla de cifrado 4.10),,4.10,,Operational,PDF
grib2/4/87/52,Modelo de definición del producto 4.87 — Predicciones de cuantiles en una superficie o capa horizontal durante un intervalo de tiempo continuo o discontinuo,52,1,Tipo de incremento de tiempo entre campos sucesivos empleado en el cálculo estadístico,(véase la Tabla de cifrado 4.11),,4.11,,Operational,PDF
grib2/4/87/53,Modelo de definición del producto 4.87 — Predicciones de cuantiles en una superficie o capa horizontal durante un intervalo de tiempo continuo o discontinuo,53,1,Indicador de la unidad de tiempo empleada para el lapso de tiempo para el cual se hace el cálculo estadístico,(véase la Tabla de cifrado 4.4),,4.4,,Operational,PDF
grib2/4/87/54-57,Modelo de definición del producto 4.87 — Predicciones de cuantiles en una superficie o capa horizontal durante un intervalo de tiempo continuo o discontinuo,54-57,4,"Duración del lapso de tiempo durante el cual se realiza el cálculo estadístico, en unidades definidas por el octeto precedente",,,,,Operational,PDF
grib2/4/87/58,Modelo de definición del producto 4.87 — Predicciones de cuantiles en una superficie o capa horizontal durante un intervalo de tiempo continuo o discontinuo,58,1,Indicador de la unidad de tiempo empleada para el incremento de tiempo entre los campos sucesivos utilizados,(véase la Tabla de cifrado 4.4),,4.4,,Operational,PDF
grib2/4/87/59-62,Modelo de definición del producto 4.87 — Predicciones de cuantiles en una superficie o capa horizontal durante un intervalo de tiempo continuo o discontinuo,59-62,4,Incremento de tiempo entre campos sucesivos en unidades definidas por el octeto precedente,(véase la nota 3),7,,,Operational,PDF
grib2/4/87//1,Modelo de definición del producto 4.87 — Predicciones de cuantiles en una superficie o capa horizontal durante un intervalo de tiempo continuo o discontinuo,,,"63-nn  Estos octetos se incluyen solo si n > 1, donde nn = 50 + 12 x n",,,,,Operational,PDF
grib2/4/87/63-74,Modelo de definición del producto 4.87 — Predicciones de cuantiles en una superficie o capa horizontal durante un intervalo de tiempo continuo o discontinuo,63-74,12,Mismo contenido que el de los octetos 51 a 62 para la etapa siguiente del cálculo,,,,,Operational,PDF
grib2/4/87/75-nn,Modelo de definición del producto 4.87 — Predicciones de cuantiles en una superficie o capa horizontal durante un intervalo de tiempo continuo o discontinuo,75-nn,,"Especificaciones adicionales del lapso de tiempo, incluidas en función del valor de n. El contenido es el mismo que el de los octetos 51 a 62, repetido en caso necesario",,,,,Operational,PDF
