ID,Title_ru,SubTitle_ru,CodeFlag,Value,MeaningParameterDescription_ru,Note_ru,noteIDs,UnitComments_ru,Status,translation_source
grib2/4/2/3/6/0,"Номер параметра, согласно дисциплине продукции и категории параметра","Дисциплина продукции 3 — Космическая продукция, категория параметра 6: солнечная радиация",0,,Суммарное солнечное излучение,(примечание 1),101,Вт ⋅ м-2,Operational,PDF
grib2/4/2/3/6/1,"Номер параметра, согласно дисциплине продукции и категории параметра","Дисциплина продукции 3 — Космическая продукция, категория параметра 6: солнечная радиация",1,,Суммарная солнечная экспозиция,(примечание 2),113,Дж ⋅ м-2,Operational,PDF
grib2/4/2/3/6/2,"Номер параметра, согласно дисциплине продукции и категории параметра","Дисциплина продукции 3 — Космическая продукция, категория параметра 6: солнечная радиация",2,,Прямое солнечное излучение,(примечание 3),103,Вт ⋅ м-2,Operational,PDF
grib2/4/2/3/6/3,"Номер параметра, согласно дисциплине продукции и категории параметра","Дисциплина продукции 3 — Космическая продукция, категория параметра 6: солнечная радиация",3,,Прямое солнечное облучение,(примечание 4),112,Дж ⋅ м-2,Operational,PDF
grib2/4/2/3/6/4,"Номер параметра, согласно дисциплине продукции и категории параметра","Дисциплина продукции 3 — Космическая продукция, категория параметра 6: солнечная радиация",4,,Рассеянное солнечное излучение,(примечание 5),102,Вт ⋅ м-2,Operational,PDF
grib2/4/2/3/6/5,"Номер параметра, согласно дисциплине продукции и категории параметра","Дисциплина продукции 3 — Космическая продукция, категория параметра 6: солнечная радиация",5,,Рассеянное солнечное облучение,(примечание 6),111,Дж ⋅ м-2,Operational,PDF
grib2/4/2/3/6/6-191,"Номер параметра, согласно дисциплине продукции и категории параметра","Дисциплина продукции 3 — Космическая продукция, категория параметра 6: солнечная радиация",6-191,,Зарезервированы,,,,Operational,PDF
grib2/4/2/3/6/192-254,"Номер параметра, согласно дисциплине продукции и категории параметра","Дисциплина продукции 3 — Космическая продукция, категория параметра 6: солнечная радиация",192-254,,Зарезервированы для местного использования,,,,Operational,PDF
grib2/4/2/3/6/255,"Номер параметра, согласно дисциплине продукции и категории параметра","Дисциплина продукции 3 — Космическая продукция, категория параметра 6: солнечная радиация",255,,Отсутствующий,,,,Operational,PDF
